{
  "reception": {
    "left": 44.00544959128065,
    "top": 51.25400421907962
  },
  "stores": {
    "Paul": {
      "left": 48.36512261580381,
      "top": 18.251425892647863
    },
    "Tanuki": {
      "left": 40.87193460490463,
      "top": 18.001406359871865
    },
    "Furla": {
      "left": 50,
      "top": 25.001953277599814
    },
    "12 storrez": {
      "left": 56.675749318801095,
      "top": 23.251816548167824
    },
    "Steffany": {
      "left": 62.125340599455036,
      "top": 25.001953277599814
    },
    "Premier": {
      "left": 62.67029972752044,
      "top": 36.752871318071726
    },
    "Pinko": {
      "left": 47.956403269754766,
      "top": 37.50292991639972
    },
    "Constella": {
      "left": 52.86103542234333,
      "top": 23.251816548167824
    },
    "Zara home": {
      "left": 56.94822888283378,
      "top": 64.00500039065552
    },
    "Twinset": {
      "left": 50.95367847411444,
      "top": 46.75365262911165
    },
    "Piquadro": {
      "left": 50.54495912806539,
      "top": 56.004375341823575
    },
    "Hugo": {
      "left": 48.63760217983651,
      "top": 60.50472693179154
    },
    "Oysho": {
      "left": 39.91825613079019,
      "top": 64.50503945620751
    },
    "Sandro": {
      "left": 37.60217983651226,
      "top": 47.00367216188765
    },
    "Maje": {
      "left": 38.69209809264305,
      "top": 42.25330103914368
    },
    "Zara": {
      "left": 43.596730245231605,
      "top": 79.0061723572154
    },
    "Massimo Dutti": {
      "left": 58.58310626702997,
      "top": 75.25587936557544
    },
    "Art media": {
      "left": 66.7574931880109,
      "top": 71.50558637393546
    },
    "Boss": {
      "left": 55.5858310626703,
      "top": 37.00289085084773
    },
    "Mango": {
      "left": 27.384196185286104,
      "top": 39.00304711305571
    },
    "Stradivarius": {
      "left": 28.201634877384198,
      "top": 59.754668333463556
    },
    "Mac": {
      "left": 23.024523160762943,
      "top": 61.254785530119534
    },
    "Adl": {
      "left": 11.1716621253406,
      "top": 54.00421907961559
    },
    "New yorker": {
      "left": 12.806539509536785,
      "top": 65.25509805453551
    },
    "Zara men": {
      "left": 27.79291553133515,
      "top": 74.75584030002344
    },
    "Pull & bear": {
      "left": 20.29972752043597,
      "top": 31.252441596999763
    },
    "Bloom": {
      "left": 27.656675749318797,
      "top": 27.502148605359793
    },
    "Bershka": {
      "left": 14.032697547683922,
      "top": 38.00296898195171
    },
    "Dildora": {
      "left": 32.28882833787466,
      "top": 26.752090007031796
    }
  },
  "pathMode": "waypoints",
  "routes": {
    "Paul": [
      {
        "left": 43.73297002724796,
        "top": 20.00156262207985
      }
    ],
    "Tanuki": [
      {
        "left": 44.27792915531335,
        "top": 19.001484490975855
      }
    ],
    "Furla": [
      {
        "left": 44.27792915531335,
        "top": 30.25236346589577
      },
      {
        "left": 50.95367847411444,
        "top": 28.752246269239784
      }
    ],
    "12 storrez": [
      {
        "left": 43.869209809264305,
        "top": 31.502461129775767
      },
      {
        "left": 43.73297002724796,
        "top": 27.002109539807794
      },
      {
        "left": 56.539509536784735,
        "top": 27.75216813813579
      }
    ],
    "Steffany": [
      {
        "left": 44.4141689373297,
        "top": 32.00250019532776
      },
      {
        "left": 55.177111716621255,
        "top": 33.00257832643175
      },
      {
        "left": 64.85013623978202,
        "top": 33.00257832643175
      },
      {
        "left": 60.08174386920982,
        "top": 25.752011875927806
      }
    ],
    "Premier": [
      {
        "left": 43.73297002724796,
        "top": 33.75263692475975
      },
      {
        "left": 55.04087193460491,
        "top": 32.252519728103756
      },
      {
        "left": 63.21525885558583,
        "top": 32.50253926087975
      }
    ],
    "Pinko": [
      {
        "left": 45.36784741144414,
        "top": 40.0031252441597
      }
    ],
    "Constella": [
      {
        "left": 43.46049046321526,
        "top": 27.75216813813579
      },
      {
        "left": 53.269754768392374,
        "top": 27.75216813813579
      }
    ],
    "Zara home": [
      {
        "left": 43.73297002724796,
        "top": 60.00468786623955
      },
      {
        "left": 45.23160762942779,
        "top": 70.75552777560748
      },
      {
        "left": 58.03814713896458,
        "top": 67.0052347839675
      }
    ],
    "Oysho": [
      {
        "left": 43.32425068119891,
        "top": 62.504883193999525
      }
    ],
    "Massimo Dutti": [
      {
        "left": 44.00544959128065,
        "top": 74.00578170169545
      },
      {
        "left": 58.17438692098092,
        "top": 72.75568403781546
      }
    ],
    "Art media": [
      {
        "left": 44.550408719346045,
        "top": 72.25564497226345
      },
      {
        "left": 46.59400544959128,
        "top": 74.75584030002344
      },
      {
        "left": 65.25885558583107,
        "top": 69.25541057895148
      }
    ],
    "Boss": [
      {
        "left": 43.46049046321526,
        "top": 32.252519728103756
      },
      {
        "left": 55.449591280653955,
        "top": 32.252519728103756
      }
    ],
    "Mango": [
      {
        "left": 43.73297002724796,
        "top": 32.252519728103756
      },
      {
        "left": 30.65395095367847,
        "top": 35.252754121415734
      }
    ],
    "Stradivarius": [
      {
        "left": 43.18801089918256,
        "top": 71.75560590671147
      },
      {
        "left": 28.882833787465938,
        "top": 66.5051957184155
      }
    ],
    "Mac": [
      {
        "left": 43.32425068119891,
        "top": 72.00562543948746
      },
      {
        "left": 23.43324250681199,
        "top": 64.50503945620751
      }
    ],
    "Adl": [
      {
        "left": 44.00544959128065,
        "top": 72.25564497226345
      },
      {
        "left": 26.56675749318801,
        "top": 70.75552777560748
      },
      {
        "left": 17.029972752043594,
        "top": 63.75498085787952
      },
      {
        "left": 13.623978201634879,
        "top": 53.7541995468396
      }
    ],
    "New yorker": [
      {
        "left": 43.18801089918256,
        "top": 73.25572310336746
      },
      {
        "left": 33.65122615803814,
        "top": 73.75576216891945
      },
      {
        "left": 16.4850136239782,
        "top": 62.504883193999525
      }
    ],
    "Zara men": [
      {
        "left": 43.869209809264305,
        "top": 74.50582076724744
      },
      {
        "left": 27.9291553133515,
        "top": 71.75560590671147
      }
    ],
    "Pull & bear": [
      {
        "left": 43.73297002724796,
        "top": 30.75240253144777
      },
      {
        "left": 39.3732970027248,
        "top": 28.25220720368779
      },
      {
        "left": 26.70299727520436,
        "top": 32.252519728103756
      },
      {
        "left": 20.708446866485016,
        "top": 36.25283225251973
      }
    ],
    "Bloom": [
      {
        "left": 44.141689373297005,
        "top": 31.502461129775767
      },
      {
        "left": 41.82561307901908,
        "top": 27.502148605359793
      },
      {
        "left": 28.337874659400548,
        "top": 31.002422064223765
      }
    ],
    "Dildora": [
      {
        "left": 43.73297002724796,
        "top": 28.752246269239784
      },
      {
        "left": 32.42506811989101,
        "top": 29.752324400343777
      }
    ],
    "Bershka": [
      {
        "left": 43.66812227074236,
        "top": 26.979423181267997
      }
    ]
  },
  "pathSegments": []
}